区分,店舗名,認証のメニュー名,認証メニュー数,店舗数,認証のメニューのPRポイント,住所,電話番号,営業時間,休業日,備考,緯度,経度
飲食店,（株）ヤスサキ,ソースカツ弁当,1,10,福井のソウルフード「ソースカツ丼」をイメージしたお弁当です。ボリュームもありますので男性の方にもお勧めです。,福井市新保北1丁目303番地,0776-52-8111,,,,36.086232,136.249327
飲食店,グルメ館新保店,ソースカツ弁当,,,福井のソウルフード「ソースカツ丼」をイメージしたお弁当です。ボリュームもありますので男性の方にもお勧めです。,福井市新保北1丁目303番地,0776-52-6711,24時間営業,年中無休,,36.086238,136.249292
飲食店,グルメ館松本店,ソースカツ弁当,,,福井のソウルフード「ソースカツ丼」をイメージしたお弁当です。ボリュームもありますので男性の方にもお勧めです。,福井市松本3丁目16-57,0776-28-2001,9:00～22:00,年中無休,,36.073316,136.224921
飲食店,グルメ館パリオ店,ソースカツ弁当,,,福井のソウルフード「ソースカツ丼」をイメージしたお弁当です。ボリュームもありますので男性の方にもお勧めです。,福井市松城町12-7,0776-35-0670,9:30～22:00,年中無休,,36.062168,136.240826
飲食店,グルメ館福井南店,ソースカツ弁当,,,福井のソウルフード「ソースカツ丼」をイメージしたお弁当です。ボリュームもありますので男性の方にもお勧めです。,福井市羽水2丁目802番地,0778-54-8280,24時間営業,年中無休,,36.040462,136.23102
飲食店,グルメ館江守店,ソースカツ弁当,,,福井のソウルフード「ソースカツ丼」をイメージしたお弁当です。ボリュームもありますので男性の方にもお勧めです。,福井市舞屋町7-109,0778-24-2821,24時間営業,年中無休,,36.034298,136.202035
飲食店,グルメ館鯖江店,ソースカツ弁当,,,福井のソウルフード「ソースカツ丼」をイメージしたお弁当です。ボリュームもありますので男性の方にもお勧めです。,鯖江市有定町3丁目1番1号,0776-25-8420,9:30～22:00,年中無休,,35.948435,136.178492
飲食店,グルメ館東鯖江店,ソースカツ弁当,,,福井のソウルフード「ソースカツ丼」をイメージしたお弁当です。ボリュームもありますので男性の方にもお勧めです。,鯖江市新横江1丁目1-27,0778-52-6211,24時間営業,年中無休,,,
飲食店,グルメ館武生南店,ソースカツ弁当,,,福井のソウルフード「ソースカツ丼」をイメージしたお弁当です。ボリュームもありますので男性の方にもお勧めです。,越前市妙法寺町,0778-21-2671,24時間営業,年中無休,,35.885823,136.160367
飲食店,グルメ館武生店,ソースカツ弁当,,,福井のソウルフード「ソースカツ丼」をイメージしたお弁当です。ボリュームもありますので男性の方にもお勧めです。,越前市横市町28-14-1,0778-21-2671,9:30～22:00,年中無休,,35.907124,136.19293
飲食店,グルメ館敦賀店,ソースカツ弁当,,,福井のソウルフード「ソースカツ丼」をイメージしたお弁当です。ボリュームもありますので男性の方にもお勧めです。,敦賀市櫛林8-4-1,0770-20-1611,7:00～22:00,年中無休,,35.626002,136.048075
飲食店,福井県民生活協同組合,1福井健幸美食幕の内弁当、2福井健幸美食ふっくら旨味干し焼鮭弁当、3福井健幸美食　たっぷり」野菜のソースカツ丼弁当,3,9,1少しずつ、いろいろなものを食べたい女性にも満足していただけるお弁当です。2ハーツ手作りの「ふっくら旨味干サーモン」や「かぼちゃの煮物」「厚揚げ煮」を味わえるお弁当です。3「ソースカツ丼」と一緒に、野菜をたっぷり食べることができる野菜が主役のお弁当です。,福井市開発5丁目1603番地,0776-52-0082,,,,36.087868,136.243825
飲食店,ハーツ羽水店,1福井健幸美食幕の内弁当、2福井健幸美食ふっくら旨味干し焼鮭弁当、3福井健幸美食　たっぷり」野菜のソースカツ丼弁当,,,1少しずつ、いろいろなものを食べたい女性にも満足していただけるお弁当です。2ハーツ手作りの「ふっくら旨味干サーモン」や「かぼちゃの煮物」「厚揚げ煮」を味わえるお弁当です。3「ソースカツ丼」と一緒に、野菜をたっぷり食べることができる野菜が主役のお弁当です。,福井市木田3丁目2802番地,0776-22-0082,9:30～21:30,1月1日のみ,,36.042456,136.226503
飲食店,ハーツ学園店,1福井健幸美食幕の内弁当、2福井健幸美食ふっくら旨味干し焼鮭弁当、3福井健幸美食　たっぷり」野菜のソースカツ丼弁当,,,1少しずつ、いろいろなものを食べたい女性にも満足していただけるお弁当です。2ハーツ手作りの「ふっくら旨味干サーモン」や「かぼちゃの煮物」「厚揚げ煮」を味わえるお弁当です。3「ソースカツ丼」と一緒に、野菜をたっぷり食べることができる野菜が主役のお弁当です。,福井市学園2丁目9番22号,0776-52-2282,9:30～22:00,1月1日のみ,,36.069755,136.197691
飲食店,ハーツ志比口店,1福井健幸美食幕の内弁当、2福井健幸美食ふっくら旨味干し焼鮭弁当、3福井健幸美食　たっぷり」野菜のソースカツ丼弁当,,,1少しずつ、いろいろなものを食べたい女性にも満足していただけるお弁当です。2ハーツ手作りの「ふっくら旨味干サーモン」や「かぼちゃの煮物」「厚揚げ煮」を味わえるお弁当です。3「ソースカツ丼」と一緒に、野菜をたっぷり食べることができる野菜が主役のお弁当です。,福井市志比口2丁目11番13号,0776-51-5482,9:30～22:00,1月1日のみ,,36.07122,136.237023
飲食店,ハーツはるえ店,1福井健幸美食幕の内弁当、2福井健幸美食ふっくら旨味干し焼鮭弁当、3福井健幸美食　たっぷり」野菜のソースカツ丼弁当,,,1少しずつ、いろいろなものを食べたい女性にも満足していただけるお弁当です。2ハーツ手作りの「ふっくら旨味干サーモン」や「かぼちゃの煮物」「厚揚げ煮」を味わえるお弁当です。3「ソースカツ丼」と一緒に、野菜をたっぷり食べることができる野菜が主役のお弁当です。,坂井市春江町随応寺25字1番,0776-34-8822,9:30～21:30,1月1日のみ,,36.134568,136.223132
飲食店,ハーツさばえ店,1福井健幸美食幕の内弁当、2福井健幸美食ふっくら旨味干し焼鮭弁当、3福井健幸美食　たっぷり」野菜のソースカツ丼弁当,,,1少しずつ、いろいろなものを食べたい女性にも満足していただけるお弁当です。2ハーツ手作りの「ふっくら旨味干サーモン」や「かぼちゃの煮物」「厚揚げ煮」を味わえるお弁当です。3「ソースカツ丼」と一緒に、野菜をたっぷり食べることができる野菜が主役のお弁当です。,鯖江市小黒町2丁目901番地,0778-53-1182,9:30～22:00,1月1日のみ,,35.951381,136.175053
飲食店,ハーツたけふ店,1福井健幸美食幕の内弁当、2福井健幸美食ふっくら旨味干し焼鮭弁当、3福井健幸美食　たっぷり」野菜のソースカツ丼弁当,,,1少しずつ、いろいろなものを食べたい女性にも満足していただけるお弁当です。2ハーツ手作りの「ふっくら旨味干サーモン」や「かぼちゃの煮物」「厚揚げ煮」を味わえるお弁当です。3「ソースカツ丼」と一緒に、野菜をたっぷり食べることができる野菜が主役のお弁当です。,越前市芝原4丁目6番21号,0778-21-3982,9:30～22:00,1月1日のみ,,35.919557,136.157856
飲食店,ハーツつるが店,1福井健幸美食幕の内弁当、2福井健幸美食ふっくら旨味干し焼鮭弁当、3福井健幸美食　たっぷり」野菜のソースカツ丼弁当,,,1少しずつ、いろいろなものを食べたい女性にも満足していただけるお弁当です。2ハーツ手作りの「ふっくら旨味干サーモン」や「かぼちゃの煮物」「厚揚げ煮」を味わえるお弁当です。3「ソースカツ丼」と一緒に、野菜をたっぷり食べることができる野菜が主役のお弁当です。,敦賀市若葉町1丁目1610,0770-20-0082,9:00～22:00,1月1日のみ,,35.634376,136.048314
飲食店,ハーツ三方五湖店,1福井健幸美食幕の内弁当、2福井健幸美食ふっくら旨味干し焼鮭弁当、3福井健幸美食　たっぷり」野菜のソースカツ丼弁当,,,1少しずつ、いろいろなものを食べたい女性にも満足していただけるお弁当です。2ハーツ手作りの「ふっくら旨味干サーモン」や「かぼちゃの煮物」「厚揚げ煮」を味わえるお弁当です。3「ソースカツ丼」と一緒に、野菜をたっぷり食べることができる野菜が主役のお弁当です。,三方上中郡若狭町鳥浜49-68,0770-45-3820,9:30～19:30,1月1日のみ,,35.551632,135.906746
飲食店,ハーツわかさ店,1福井健幸美食幕の内弁当、2福井健幸美食ふっくら旨味干し焼鮭弁当、3福井健幸美食　たっぷり」野菜のソースカツ丼弁当,,,1少しずつ、いろいろなものを食べたい女性にも満足していただけるお弁当です。2ハーツ手作りの「ふっくら旨味干サーモン」や「かぼちゃの煮物」「厚揚げ煮」を味わえるお弁当です。3「ソースカツ丼」と一緒に、野菜をたっぷり食べることができる野菜が主役のお弁当です。,小浜市遠敷9丁目501番地,0770-56-0382,9:00～22:00,1月1日のみ,,35.484137,135.773806
飲食店,公共の宿すかっとランド九頭竜,きのこ満載！福井ポークの和風丼,1,1,九頭竜舞茸、美山ひらたけなど、福井の美味しい食材をぎゅっと詰め込みました！やわらかい福井ポークが味の決め手です。,福井市天菅正町3字10,0776-59-1188,11:00～20:30,年中無休,,36.124997,136.1688
飲食店,レストラン若紫（しきぶ温泉湯楽里内）,ヘルシー若紫弁当,1,1,地元の食材を使用して、刺身・焼八寸を取り入れました。温泉とともに身も心も温まる、ヘルシーな弁当です。,越前市白崎町68-8,0778-25-7800,11:00～13:30（LO）、17:30～20:00（LO）,毎月第2水曜日,,35.863406,136.14457
飲食店,余熱館ささおか,野菜たっぷり焼きチキン定食,1,1,ジューシー焼きチキンをシャキシャキ野菜とご一緒に。ご飯はコシヒカリ１００％、味噌汁は九頭竜舞茸入り。,あわら市笹岡32-88-2,0776-74-2221,11:00～22:30,毎月第3月曜日※祝日の場合は翌日に振替,,,
飲食店,三国温泉ゆあぽーと,,,1,,坂井市三国町宿2丁目18-1,0776-82-7070,11:00～22:00　,毎月第3水曜日※祝日の場合は翌日に振替,,,
飲食店,大野市健康保養施設あっ宝んど,,,1,,大野市南新在家26-101,0779-66-7900,11:00～22:30　,毎月第2火曜日※祝日の場合は翌日に振替,,36.012305,136.512903
飲食店,御食国若狭おばま濱の湯,,,1,,小浜市川崎3-4食文化館内,0770-53-4126,11:00～23:00,毎月第3水曜日※祝日の場合は翌日に振替,,35.501367,135.737689
飲食店,越のゆ敦賀店,,,1,,敦賀市木崎13号松ノ角10,0770-21-4126,8:00～23:00,年中無休,,35.640616,136.046891
飲食店,浅田クッキングスクール直営クイーンアリス,日替わりおまかせランチ,2,1,浅田CSの栄養士が食事のバランスを考えて提供しています。新鮮な野菜や素材の味を活かした健康ランチです。,福井市町屋1-5-31,0776-25-3605,11:30～15:00（ﾗｽﾄｵｰﾀﾞｰ14:00）,土、日、祝祭日、お盆、正月、浅田クッキングスクール貸切日,,36.108441,136.294129
飲食店,おいCネット（社会福祉法人コミュニティーネットワークふくい）,おろしそばミニソースカツセット,1,1,自家製のソースカツとしこしこのそばでおいCネット大人気メニューです。,福井市南居町81-1-31,0776-33-8353,11:00～14:00,日、祝日、第2・4土曜日,,36.129599,136.217894
飲食店,かあちゃんキッチン,かあちゃん弁当,1,1,地場野菜を使ったおふくろの味。JAの五月晴しょうゆを使っているので、見た目より塩分が少なくできている。,福井市渕2丁目2711,0776-36-5811,11:00～14:00,日曜日,,36.170066,136.130486
飲食店,カフェ＆ランチサニースマイル（社会福祉法人竹伸会総合福祉施設あけぼの園）,季節の日替定食、ユー・アイ弁当、ふれ愛弁当,10,1,福井で馴染みのある食材を利用して心と体がホッとする家庭的な味が楽しめます。,福井市下六条町14-1福井県生活学習館1階,0776-41-2566,9:00～11:00（モーニング）、11:00～14:30（ランチ）、14:30～16:30（ティータイム）,毎週月曜日（但し、祭日の場合は翌日）,,35.972893,136.489416
飲食店,釜蔵,釜蔵御膳,1,1,和食がいろいろ堪能できる御膳,福井市中央1-8-1西武福井店本館8階,0776-28-8282,10:30～19:30オーダーストップ19:00,なし,,35.984488,136.491647
飲食店,企業組合まぁま喜ね舎（喜ね舎愛菜館）,健幸美食弁当,1,1,昔懐かしいお惣菜が入っています。「安心でおいしい」を大切に、新鮮な野菜を使って作っています。,福井市河増町9字10-1,0776-52-2260,夏8:30～18:00、冬8:30～17:30,水曜日,,36.06523,136.256439
飲食店,県議会食堂あすわ（あすわ就労支援センター）,べっぴんランチ、1鮭の胡麻付き焼き、2ささみのチキンカツ、3あじのピカタ、4鮭の南蛮漬け、5鶏もの肉のワイン煮,5,1,ヘルシーでボリュームたっぷり！日替わりバイキング,福井市大手3丁目17-1,0776-20-0532,11:30～13:30,土日・祝祭日,,35.953225,136.273881
飲食店,国民宿舎鷹巣荘,鷹巣おとと定食,1,1,海の幸を使った健康定食です。それに里芋などを添えてみました。,福井市蓑町3-11-1,0776-86-1111,11:30～14:00（ﾗｽﾄｵｰﾀﾞｰ）、18:00～20:00（ﾗｽﾄｵｰﾀﾞｰ）,年中無休,,35.966396,136.18801
飲食店,笏谷そば,三姉妹そば,1,1,NHK大河ドラマ「江」放送時にデビューした三種割子そば,福井市中央1-8-1西武福井店本館8階,0776-28-8285,10:30～19:30オーダーストップ19:00,なし,,35.945269,136.179956
飲食店,そば音市楼かくれ庵,1ネバネバとろろぶっかけそば、2薬膳蕎麦,2,1,福井県産そばでヘルシーに。さらにネバネバ野菜でおいしさもアップ！,福井市下馬2-1906-5,0776-33-5838,ランチ11:30～14:30、ディナー（月・木）17:00～20:00（ＬＯ）（金）17:00～21:00（ＬＯ）土・日・祝11:30～21:00,毎週火曜日、第1月曜日,,35.950265,136.177075
飲食店,福井県立病院レストランさくら（（株）さくら）,福井県産コシヒカリと昇竜まいたけのかき揚げ丼定食,1,1,福井県産昇竜まいたけをたっぷりと使いまいたけの香りのする大きいかき揚げの乗ったどんぶりです。小鉢にも福井らしい食材を使い福井の食材をふんだんに使った献立です。,福井市四ツ井2丁目8-1福井県立病院2階,0776-54-5775,平日8:00～19:00、土日8:00～17:00,1月1日、2日,,35.957643,136.289455
飲食店,福福館,福井名物セット,1,1,福井の名物が一回で味わえるお得な定食です。,福井市中央1-2-1ハピリン内,0776-20-2929,11:00～22:00,ビル全体に準ずる,,36.061271,136.221971
飲食店,ユアーズレストラン水仙（（株）ユアーズホテルフクイ）,ふくいポークの生姜焼きセット,1,1,済生会病院栄養士の方と考案した健康定食,福井市和田中船橋7-1福井県済生会病院1階,0776-28-6162,8:30～18:30,なし,,35.920607,136.143174
飲食店,道の駅禅の里,禅の里健幸定食,1,1,福井県産おろしそばと、永平寺町産玉ねぎ、ニンニクをたっぷり使用した本格スパイスカレーの名物メニューを味わえます！,吉田郡永平寺町清水2-2-1,0776-64-3377,特産物コーナー10時～19時、飲食コーナー10時～17時,第３水曜日、年末年始,,36.080146,136.39912
飲食店,レストランWING,福井大学栄養部監修ヘルシー弁当,8,1,テーマは「美味しく食べて健康になる」タンパク質や塩分などの栄養素や食品の適正なバランスを考慮しています。総カロリーも600kcal以内に抑えてますが、食べ応え満点です。,吉田郡永平寺町松岡下合月23-3　福井大学医学部附属病院内,0776-61-1787,平日10:30～15:00、土日祝11:00～14:00,年末年始,,36.108441,136.294129
飲食店,味のよしだやしのぶ庭,カレイ煮定食,1,1,バランスのとれた御膳になっています。,あわら市春宮1丁目8-13,0776-73-0006,11:00～14:00、17:00～22:00,日曜日,,35.889276,136.199063
飲食店,洋食源の屋,オムライス　サラダセット,1,1,老舗洋食屋の名物オムライス。,あわら市温泉1-405,0776-77-2045,10:00～14:00、17:00～20:00,水曜日,,35.933375,136.164029
飲食店,味処けやき,福井ポーク信田巻・そばがき,1,1,お子様から年配の方まで召し上がれます。,坂井市坂井町蔵垣内34-14-1,0776-72-3001,10:00～21:00,月曜日※祝日の場合は翌火曜日,,35.832073,136.207647
飲食店,魚志楼,秋の紅葉美食膳,1,1,野菜中心のヘルシーなメニュー。見た目もきれいに仕上げました。,坂井市三国町神明3-7-23,0776-82-0141,11:30～14:00、18:00～22:00,不定休,,35.651183,136.073344
飲食店,カフェ小春日和,小春ランチ,1,1,県産の野菜がふんだんに使用されたヘルシーなランチ,坂井市春江町江留下高道169,0776-43-9982,月・水・木・日11:00～18:00、金・土11:00～22:00,火曜日,,36.129599,136.217894
飲食店,企業組合ハンドメイド風ふう（永平寺四季食彩館れんげの里、福井県立病院売店）,美緑弁当,1,1,地場野菜をたくさん使っています。,坂井市丸岡町鳴鹿3-148,0776-97-8161,9:30～19:00,なし,,35.494021,135.758346
飲食店,はま郷,おふくろ膳,1,1,地元の新鮮野菜で作る家庭料理の店。野菜中心なのでたっぷり食べてもヘルシーです。,坂井市三国町米納津10-15,0776-82-3537,ランチ土・日・祝日11:30～14:00、弁当火～金曜日,月曜日,,36.170066,136.130486
飲食店,うおまさcafe,おおの健幸美食ランチ、熟成鯖の美食ＳＫ（醤油カツ丼）,2,1,石塚左玄の食養と、ヘルシーでコラーゲン豊富な魚の身体に嬉しい健康ランチ。香ばしく揚げた熟成鯖と地場野菜をたっぷり。醤油カツ丼専用醤油と雑穀米の歯ごたえも相性バッチリです。,大野市明倫町9-10,0779-66-2745,ランチ月、水、木11:30～14:00、カフェ月、水、木10:00～18:00、金土10:00～22:00,毎週火曜日、毎月第1・3・5日曜日,,36.048924,136.203815
飲食店,Cafe Name came Ono（カフェ　ナマケモノ）,秋満喫ナマケモノランチ（1日限定10食）、10種の具材の醤油カツ丼,2,1,旬のサンマや野菜をたっぷり使った料理をカフェメニューに。大野のおいしい食材で秋を満喫してください。野菜をたっぷり食べるをコンセプトに、ヘルシーにガッツリどうぞ。,大野市篠座町7-2,,11:00～18:00、18:00～22:00,不定休,,35.972893,136.489416
飲食店,社会福祉法人紫水の郷,しすい弁当,1,1,地元の食材や旬の素材にこだわり、心を込めて作るお弁当です。秋の恵みを日替りでお楽しみください。,大野市中野56-1-1,0779-66-7000,AM9:45注文締切,土日・祝祭日,,36.079401,136.197852
飲食店,ぶなの木（社会福祉法人紫水の郷）,野菜たっぷり煮込みハンバーグ,1,1,地元産の野菜をふんだんに使用！ハンバーグの中にも野菜を練り込みました。,大野市天神町1-19結とぴあ内,0779-66-7373,10:00～18:00、ランチタイム11:30～14:00,土日、月曜日は不定休,,36.061992,136.203357
飲食店,平成大野屋はいから茶屋,越前おおの田舎定食,1,1,厚揚げは特注の豆腐を店内で揚げています。里芋や舞茸など、奥越の秋の恵みと併せてお楽しみください。,大野市元町1-2,0779-69-9200,9:00～18:00、食事平日11:00～14:00、土日11:00～15:00上記以外は喫茶のみ,火曜日,,36.063443,136.244042
飲食店,レストランマシェリ,ヘルシーしょうゆカツ丼,1,1,雑穀ごはんにたっぷり野菜！女性だけじゃなく男性にもオススメ！！,大野市元町11-12,0779-65-5959,11:30～22:00,第1・3・5日曜日、第2・4月曜日,,35.984488,136.491647
飲食店,カフェ＆レストランディノ,ふくい彩り御膳,1,1,秋らしい食材、県内産の食材をふんだんに使用した御膳。,勝山市村岡町寺尾51-11県立恐竜博物館内,0779-87-1109,9:00～17:00（LO16:30）,恐竜博物館休館日に準ずる,,36.083219,136.506537
飲食店,イル・ヴィゴーレ,美食プレートランチ,1,1,福井の食材と「ヘルシー」プラス「食事」を８階の景色とともにお楽しみください。,鯖江市桜町3-3-3サバエ・シティーホテル8階,0778-53-1122（直52－1102）,11:00～14:00、18:00～20:30,火曜日,,,
飲食店,喫茶椀椀,椀椀ランチ,1,1,地元で採れた物がいっぱいのランチ。安心な旬の野菜、減農薬のこしひかり米。器も地元の越前漆器を使用。,鯖江市西袋40-1-2うるしの里会館内,070-5145-8101,9:30～16:30、ﾗﾝﾁﾀｲﾑ11:30～13:30,火曜日,,35.953225,136.273881
飲食店,ぐるめし健康club,ゆうき,1,1,地場産のゆうき野菜をふんだんに使用した体に優しいお弁当です。,鯖江市桜町2丁目9-27,0778-51-2298,8:00～16:00,土曜、日曜,,36.084148,136.222069
飲食店,cafe＆lunchここる,ヘルシーランチ,1,1,自家農園で栽培した無農薬、有機栽培の野菜や鯖江産の野菜をたっぷり使ったなつかしい「おふくろの味」のランチです。あげをたっぷり使うことによって福井らしさをだしました。,鯖江市桜町2-7-1　鯖江市嚮陽会館内,0778-54-0553,10:00～18:00、ランチ11:30～14:00,火曜日(火曜日が祝日の場合は営業翌日）,,36.052342,136.244057
飲食店,鯖江第一ホテル,朝食（健康）,1,1,一から完全手作りにこだわり、県内食材にもこだわった食事です。,鯖江市新横江1丁目116,0778-54-0111,朝食7:00～9:00,なし,,35.963466,136.176036
飲食店,スローベリィ,ベジタブルランチ,1,1,成人が1日に必要な野菜の量350ｇの半分が一度に取れるよう県産の旬の野菜を使った日替わりメニュー。肉、魚といった動物性脂肪は使用していません。自家製マヨネーズ、果物ドレッシングを使用しています。,鯖江市水落町2-28-25,0778-25-0141,イートイン11:00～17:30（17:00ラストオーダー）、ショップ10:00～19:00,水曜日,,35.868167,136.169414
飲食店,ＢＥＡＵＴＹ＆ＣＡＦＥＪＵＲＡＫＵ,カフェのこだわり満足ランチ,1,1,なかなか摂れない野菜が１０品目以上摂れます。お米はこしひかり１００％。,鯖江市下河端町4-6-1,0778-52-8300,9:00～19:00,月曜日,,35.966396,136.18801
飲食店,富士屋会館Restaurant&CafeFuji,さばえ菜花米とふくい花籠膳,1,1,福井県産食材を取り入れ、３０品目を一度にお召し上がり頂ける、身体喜ぶヘルシー御膳です。,鯖江市桜町2丁目2-22,0778-51-4618,10:00～21:00,なし,,35.945269,136.179956
飲食店,フレッシュランチ３９（株式会社すみよし）,和風弁当,1,1,毎日、日替わりのお弁当をお昼に提供させていただいています。,鯖江市水落町8-24-6,0778-52-6660,8:00～16:00,日曜日,,35.975687,136.194128
飲食店,green parlourベルベール鯖江店,日替わりランチ,1,1,肉や魚介を使ったメイン料理を５種類日替わりで提供。野菜やお米など積極的に地産地消を心がけています。,鯖江市小黒町1-5-3,0778-52-3888,9:00～23:00（ﾗｽﾄｵｰﾀﾞｰ22:30）,火曜日（祝日の場合翌日）,,35.950265,136.177075
飲食店,有限会社浪慢館,ふくいの幕の内弁当,1,1,地元の食材や、伝承料理を取り入れたお弁当です。,鯖江市寺中町21-13-1,0778-65-1981,6:00～16:00（注文により対応）,なし,,35.957643,136.289455
飲食店,道の駅「越前」お食事処かねいち,越前さわら定食,1,1,越前産の新鮮な鰆をたたきと味噌焼きに。味噌焼きは酒粕を加え減塩。鰆のたたきが食べれるのは当店のみ!,丹生郡越前町厨71-335-1道の駅越前1階,,9:00～17:00,火曜日、冬季（11～3月）第2・4火曜日,,35.919857,135.997356
飲食店,レストラン・オタイコ,オタイコ響定食,1,1,「おたとうふ」を使った体に優しいヘルシー定食をご賞味ください。ご飯の量は調整できます。,丹生郡越前町下河原37-19-1オタイコヒルズ内,0778-36-2061,11:00～14:00,月曜日,,36.061309,136.221235
飲食店,お食事処車前草,日替わりおまかせ定食,1,1,地産地消の野菜を中心に数多く取り入れ、副菜を２～３品家庭の味を心がけて作っています。,越前市片屋町55-11-1,,12:00～14:00、18:00～22:00,不定休,,35.920607,136.143174
飲食店,coco.malia,マクロビ日替わりランチプレート,1,1,福井では珍しいマクロビオティックのランチ。ココロもカラダも軽くなる野菜料理の数々。お楽しみください。,越前市押田1-3-20,0778-21-2205,ランチ11:30～14:00、カフェ14:00～17:00、夜19:00～25:00,水曜日,,35.907729,136.186112
飲食店,（株）武生製麺（越前そばの里）,越前屋健康ランチ,3,1,自社農場産のそばを使用。他にも福井県産の食材を使い、老若男女問わずおすすめしたいランチに仕上げました。,越前市真柄町7-37,0778-22-0272,9:00～16:30,1/1～1/3,,36.084604,136.242601
飲食店,紫式部公園藤波亭,味の週間ヘルシーランチ,1,1,真心をこめて作ったヘルシーメニューです。,越前市東千福町21-12,0778-22-7133,11:30～15:00,火曜日,,35.890253,136.156634
飲食店,ライブスタジオアラベスク,アラベスクランチ,1,1,皮取り国産ムネ肉を使用して低カロリー高タンパク質をと思って作っています。全て手作りで、地元の野菜を使用しています。,越前市庄田町9-50,0778-22-9638,12:00～22:00,火曜日夜,,35.889276,136.199063
飲食店,レストランマイルイ,とん丼,1,1,越前市の越前旨香豚をたっぷりの野菜と一緒に甘酢ソースでさっぱりとヘルシーに召し上がっていただけます。,越前市家久町46-13-1,0778-22-2199,9:00～22:00,木曜日,,35.933375,136.164029
飲食店,ワークホームそら,越前市のコシヒカリと野菜を食べるお弁当,1,1,福井県産（越前市）のコシヒカリを使用。地元の野菜を取り入れた秋の味覚をお楽しみください。,越前市国高2丁目42-6,0778-43-5510,11:00～13:00（予約8:30～17:00）,土・日・祝日,,36.115069,136.222033
飲食店,関亭,南条健幸美食弁当、関亭ヘルシー御膳,2,1,地元の野菜をたくさん使った野菜たっぷりの弁当。地元でとれた魚の刺身が食べられる弁当。,南越前町上野20-52,0778-47-2873,8:00～24:00　,不定休,,35.832073,136.207647
飲食店,ギャラリー＆カフェレストみらいばこ,ワンプレートランチ,1,1,「食は命」と考え、極力無肥料、無農薬の野菜、調味料も無添加の物を使用し、砂糖を一切使用していません。,敦賀市呉竹町1丁目41-15-101,0770-23-5571,10:00～17:00,土・日・祝,,36.044275,136.510317
飲食店,惣菜ヘルシー,「ふくい健幸美食」弁当,1,1,「安全・安心・健康」を大切に家庭的な味付けと手作りにこだわりお客様に「まごころ」をお届けします。,敦賀市港町2-17,0770-22-5726,注文7:30～12:00,土・日・祝,,36.229155,136.188062
飲食店,（株）トージツフーズ敦賀事業所,日替弁当,1,1,「ヘルシー感覚」と「色彩」にこだわり続け、メニューは「最高の普通」を追求しています。,敦賀市東洋町10-24,0770-25-6424,8:15～16:45,土・日曜日,,36.218052,136.220248
飲食店,なかや,日替わり定食,1,1,地元食材にこだわりバランスよく料理しています。,敦賀市本町1-7-14,0770-22-0694,11:30～13:30、17:30～21:30,日曜日,,35.651183,136.073344
飲食店,ニューサンピア敦賀1Fレストラン「ビィアンヴニュ」,ローストチキンランチ,1,1,鶏モモ肉のローストに、茄子の煮びたし、蒸し野菜を添えたヘルシーなランチセットです。,敦賀市呉羽町2番地,0770-24-2111,11:00～22:00、ランチ11:00～14:00（LO21:00）,年中無休,,36.217288,136.233625
飲食店,NEWマザーズ,べっぴん弁当,1,1,たっぷりの野菜とお魚を中心とした手づくりのおかずが人気です。日替わり弁当でお肉中心の物もあります。,敦賀市津内1丁目2-102,,弁当10:30～16:00、居酒屋18:00～,日・祝,,36.035934,136.199513
飲食店,ランチBOX彩 ,焼きさば弁当,1,1,手作りを売物にしています。野菜がたっぷりなので喜ばれています。,敦賀市本町2丁目12-5 ,,10:30～13:30,土・日・祝,,35.977451,136.501387
飲食店,ル・サンオンズ,本日のお魚Bランチ,1,1,旬の敦賀の魚を適した調理法やソースで一皿に仕上げます。※主食は、パンかライスが選べます。,敦賀市栄新町3-14,0770-23-2372,ランチ11:30～14:00、ディナー17:00～21:30,月曜日・第3日曜日,,36.098743,136.214939
飲食店,オーロラ,へしこ丼定食（ドリンク付き）,1,1,地元の食材にこだわり、特にへしこは塩分控えめの物を使っています。ぜひ、一度食べにお越しください。,美浜町久々子33-44-1,0770-32-1094,11:00～17:00（夜は要予約）,水曜日,,35.840302,136.190374
飲食店,藤八,福井海の健幸定食,1,1,福井の旬の魚や野菜を使った定食です。ぜひ、旬のおいしい食事を食べに一度お越しください。,美浜町河原市18-10-3,0770-32-2255,11:00～14:00、17:00～21:00,木曜日,,35.9865,136.509772
飲食店,あづみ野,あづみ野弁当,1,1,魚は若狭湾でとれた新鮮な魚、野菜も地場産を中心にお出ししています。刺身は欠かさずお出ししていますので、ぜひ、若狭湾でとれた新鮮な刺身を食べにいらしてください。,小浜市小浜白鬚10-1,0770-53-5037,11:30～14:30（夜は要予約）,月曜日,,35.648447,136.074205
飲食店,あばん亭,あばん弁当,1,1,お米は小浜市のコシヒカリで、地元の海と山の幸を使っています。栄養バランスや減塩にも考慮しました。,小浜市本保23-26,0770-57-1039,弁当8:00～17:00（注文は14:00まで）、ランチ12:00～15:00、ディナー17:00～20:00（前日までに要予約）,不定休,,35.654941,136.068833
飲食店,Antique Cafeあさい,からだにやさしいごはん,1,1,地元の食材を中心にした野菜たっぷりの体にやさしいメニューです。数量限定のため事前にお問い合わせください。,小浜市小浜酒井1,0770-52-0081,11:00～18:00,月、火（臨時休業あり）,,35.49421,135.743144
飲食店,お食事処みつや,海鮮健幸ランチ,1,1,小浜で採れたお米や野菜、新鮮な地魚を活かしたヘルシーランチをお出ししています。,小浜市小浜酒井1-52,0770-52-0239,昼11:00～15:00、夜17:00～21:00,月曜日,,35.629016,136.067937
飲食店,洋食屋がじゅまろ,女子丼,1,1,美味しいサラダをたっぷり食べてヘルシーに,小浜市府中15-8,0770-52-0408,11:30～15:00、17:30～21:30,月曜日,,35.494021,135.758346
飲食店,リリの惣菜屋Honmakeee,Honmakeee弁当TypeB,1,1,「A～D」の4種類のエネルギー別、日替わり弁当です。減塩はもちろん、添加物や化学調味料も控えめです。,小浜市南川町4-21,0770-53-2255,11:00～18:00,土・日・祝,,35.899004,136.15417
飲食店,みのり弁当,みのり弁当,1,1,高浜でとれた農産物や魚介類にこだわり、お弁当に秋の美味しい味覚を凝縮しました。,高浜町宮崎63-1-1,0770-72-1206,8:00～17:00,不定休,,36.08745,136.206845
飲食店,善司郎,一汁六菜定食,1,1,地場産野菜中心のヘルシーメニューです。主菜・副菜は9種類のメニューから選ぶことができます。,若狭町市場21-9-1,0770-62-0091,平日11:00～18:00、土日祝12:00～18:00,月曜日、第2、第4日曜日,,35.463121,135.857964
惣菜店,協同組合ハニー,小煮しめ,1,42,手作りのだしと新鮮な素材にこだわった煮物です。,福井市高柳町1丁目609番地,0776-53-0820,,,,35.630104,136.053597
惣菜店,新鮮館みのり,小煮しめ,,,手作りのだしと新鮮な素材にこだわった煮物です。,福井市みのり4丁目15-1,0776-34-8200,9:00～24:00,年中無休,,36.048924,136.203815
惣菜店,新鮮館三番通り,小煮しめ,,,手作りのだしと新鮮な素材にこだわった煮物です。,大野市中新井町1丁目727,0779-65-8888,9:00～24:00,,,35.992112,136.491555
惣菜店,食彩館大宮店,小煮しめ,,,手作りのだしと新鮮な素材にこだわった煮物です。,福井市大宮6丁目5-5,0776-27-1230,7:00～24:00,,,36.079401,136.197852
惣菜店,足羽店,小煮しめ,,,手作りのだしと新鮮な素材にこだわった煮物です。,福井市桃園1丁目1-10,0776-35-5444,7:00～22:00,,,36.061992,136.203357
惣菜店,食彩館四ツ居店,小煮しめ,,,手作りのだしと新鮮な素材にこだわった煮物です。,福井市北四ツ居1丁目9-1,0776-53-5535,7:00～22:00,,,36.063443,136.244042
惣菜店,食彩館やしろ店,小煮しめ,,,手作りのだしと新鮮な素材にこだわった煮物です。,福井市若杉4丁目1021番地,0776-34-3030,7:00～24:00,,,36.055757,136.186111
惣菜店,食彩館西福井,小煮しめ,,,手作りのだしと新鮮な素材にこだわった煮物です。,福井市文京4丁目302,0776-26-6400,7:00～23:00,,,,
惣菜店,食彩館丸岡店,小煮しめ,,,手作りのだしと新鮮な素材にこだわった煮物です。,坂井市丸岡町羽崎16-25,0776-67-3771,7:00～24:00,,,36.117124,136.257452
惣菜店,食彩館みくに店,小煮しめ,,,手作りのだしと新鮮な素材にこだわった煮物です。,坂井市三国町三国東7-513,0776-81-6670,7:00～24:00,,,36.214629,136.159426
惣菜店,クランデール二の宮,小煮しめ,,,手作りのだしと新鮮な素材にこだわった煮物です。,福井市二の宮2丁目3-8,0776-21-8851,9:00～24:00,,,36.084148,136.222069
惣菜店,食彩館東部店,小煮しめ,,,手作りのだしと新鮮な素材にこだわった煮物です。,福井市成和1丁目3210,0776-26-1002,7:00～24:00,,,36.052342,136.244057
惣菜店,ビッグベリーマーケット北野,小煮しめ,,,手作りのだしと新鮮な素材にこだわった煮物です。,鯖江市北野町1丁目7-8,0778-51-4028,9:00～24:00,,,35.963466,136.176036
惣菜店,ビッグベリーマーケット王子保SP,小煮しめ,,,手作りのだしと新鮮な素材にこだわった煮物です。,越前市四郎丸町64-16,0778-22-0588,10:00～22:00,,,35.868167,136.169414
惣菜店,ビッグベリーマーケット芝原,小煮しめ,,,手作りのだしと新鮮な素材にこだわった煮物です。,越前市芝原5丁目9字10-1,0778-21-3550,9:00～22:00,,,35.921035,136.159572
惣菜店,ビッグベリーマーケット新町,小煮しめ,,,手作りのだしと新鮮な素材にこだわった煮物です。,越前市新町28,0778-24-0550,9:00～24:00,,,35.900948,136.152057
惣菜店,みゆき店,小煮しめ,,,手作りのだしと新鮮な素材にこだわった煮物です。,鯖江市御幸町1丁目2-21,0778-53-1030,9:00～22:00,,,35.975687,136.194128
惣菜店,住吉店,小煮しめ,,,手作りのだしと新鮮な素材にこだわった煮物です。,鯖江市住吉町1丁目1-11,0778-51-0856,9:00～22:00,,,35.943272,136.181794
惣菜店,麻生津店,小煮しめ,,,手作りのだしと新鮮な素材にこだわった煮物です。,福井市今市町14-11-1,0776-38-6188,9:00～22:00,,,36.008718,136.200992
惣菜店,サンプラザ店,小煮しめ,,,手作りのだしと新鮮な素材にこだわった煮物です。,勝山市元町1丁目7-28,0779-87-2223,9:00～20:00,,,36.061037,136.502395
惣菜店,食市場北の庄,小煮しめ,,,手作りのだしと新鮮な素材にこだわった煮物です。,福井市中央1丁目10-30,0776-26-4300,8:30～20:00,,,36.061309,136.221235
惣菜店,朝日中央店,小煮しめ,,,手作りのだしと新鮮な素材にこだわった煮物です。,丹生郡越前町西田中4丁目102,0778-34-1582,9:00～21:00,,,35.974916,136.134242
惣菜店,松岡店,小煮しめ,,,手作りのだしと新鮮な素材にこだわった煮物です。,吉田郡永平寺町松岡窪25-1-1,0776-61-3232,9:00～23:00,,,36.089892,136.287394
惣菜店,新鮮館中央市場前,小煮しめ,,,手作りのだしと新鮮な素材にこだわった煮物です。,福井市開発町8字3番,0776-54-8282,9:00～22:00,,,36.084604,136.242601
惣菜店,木田店,小煮しめ,,,手作りのだしと新鮮な素材にこだわった煮物です。,福井市木田3丁目2302,0776-35-1182,9:00～22:00,,,36.044653,136.225939
惣菜店,東陽店,小煮しめ,,,手作りのだしと新鮮な素材にこだわった煮物です。,鯖江市川島町66-7,0778-65-3500,9:00～22:00,,,35.949209,136.243601
惣菜店,新鮮館大安寺,小煮しめ,,,手作りのだしと新鮮な素材にこだわった煮物です。,福井市仙町4-1-1,0776-59-1212,9:00～21:00,,,36.130427,136.163242
惣菜店,新鮮館つくし野,小煮しめ,,,手作りのだしと新鮮な素材にこだわった煮物です。,福井市八重巻町201,0776-56-8200,24時間営業,,,36.115069,136.222033
惣菜店,新鮮館まるおか,小煮しめ,,,手作りのだしと新鮮な素材にこだわった煮物です。,坂井市丸岡町一本田29-5-1,0776-67-7788,9:00～22:00,,,36.146045,136.262983
惣菜店,新鮮館かつやま,小煮しめ,,,手作りのだしと新鮮な素材にこだわった煮物です。,勝山市猪野毛屋13-13,0779-88-8200,9:00～21:00,,,36.044275,136.510317
惣菜店,ビッグマート芦原店,小煮しめ,,,手作りのだしと新鮮な素材にこだわった煮物です。,あわら市船津46-30,0776-78-4755,9:30～21:00,,,36.229155,136.188062
惣菜店,ビッグマート金津店,小煮しめ,,,手作りのだしと新鮮な素材にこだわった煮物です。,あわら市花乃杜1丁目29-7,0776-73-4755,9:30～22:00,,,36.218052,136.220248
惣菜店,ビッグマート春江店,小煮しめ,,,手作りのだしと新鮮な素材にこだわった煮物です。,坂井市春江町江留下高道113,0776-58-0666,9:00～22:00,,,36.129612,136.219952
惣菜店,ビッグマート高塚店　　,小煮しめ,,,手作りのだしと新鮮な素材にこだわった煮物です。,あわら市春宮2丁目17-3,0776-73-5547,9:30～21:00,,,36.217288,136.233625
惣菜店,新鮮館えもり　　,小煮しめ,,,手作りのだしと新鮮な素材にこだわった煮物です。,福井市江守中町7-43,0776-33-7777,9:00～22:00,,,36.035934,136.199513
惣菜店,新鮮館こぶし通り　　,小煮しめ,,,手作りのだしと新鮮な素材にこだわった煮物です。,大野市神明町1110,0779-66-8100,24時間営業,,,35.977451,136.501387
惣菜店,新鮮館灯明寺　,小煮しめ,,,手作りのだしと新鮮な素材にこだわった煮物です。,福井市舟橋黒龍1丁目110,0776-21-8200,9:00～24:00,,,36.098743,136.214939
惣菜店,南条店　,小煮しめ,,,手作りのだしと新鮮な素材にこだわった煮物です。,南条郡南越前町東大道12-25-1,0778-47-8410,9:00～22:00,,,35.840302,136.190374
惣菜店,新鮮館おおの,小煮しめ,,,手作りのだしと新鮮な素材にこだわった煮物です。,大野市中保9-15,0779-66-7777,9:00～21:00,,,35.9865,136.509772
惣菜店,新鮮館エフレ清水本店,小煮しめ,,,手作りのだしと新鮮な素材にこだわった煮物です。,敦賀市清水町2丁目18-17,0770-23-1212,9:30～22:00,,,35.648447,136.074205
惣菜店,新鮮館エフレ相生店,小煮しめ,,,手作りのだしと新鮮な素材にこだわった煮物です。,敦賀市相生町11-6,0770-22-2290,9:30～21:00,,,35.654941,136.068833
惣菜店,新鮮館エフレディズ店,小煮しめ,,,手作りのだしと新鮮な素材にこだわった煮物です。,敦賀市鋳物師町9-7,0770-21-0712,9:30～22:00,,,35.64895,136.055832
惣菜店,新鮮館エフレ古田刈店,小煮しめ,,,手作りのだしと新鮮な素材にこだわった煮物です。,敦賀市古田刈69-305,0770-21-6088,9:30～22:00,,,35.629016,136.067937
惣菜店,中部フーズ（株）,厚揚げ煮、さつまいも天、かぼちゃ天,3,24,味はしみた懐かしいお袋の味。食卓にもう一品どうぞ。毎日の献立の一品に！衣は薄く素材を活かして揚げました。,岐阜県多治見市高根町4丁目20番地,0572-29-1610,,,,36.096606,136.2508
惣菜店,バロー町屋店　,厚揚げ煮、さつまいも天、かぼちゃ天,,,味はしみた懐かしいお袋の味。食卓にもう一品どうぞ。毎日の献立の一品に！衣は薄く素材を活かして揚げました。,福井市文京1-16-1,0776-26-3255,9:30～21:30,年中無休,,36.076879,136.224491
惣菜店,バロー武生店,厚揚げ煮、さつまいも天、かぼちゃ天,,,味はしみた懐かしいお袋の味。食卓にもう一品どうぞ。毎日の献立の一品に！衣は薄く素材を活かして揚げました。,越前市日野美2-18-1,0778-24-2011,9:30～21:30,,,35.899004,136.15417
惣菜店,バロー新田塚店,厚揚げ煮、さつまいも天、かぼちゃ天,,,味はしみた懐かしいお袋の味。食卓にもう一品どうぞ。毎日の献立の一品に！衣は薄く素材を活かして揚げました。,福井市二の宮5-18-32,0776-21-5771,9:30～21:30,,,36.08745,136.206845
惣菜店,バロー小浜店,厚揚げ煮、さつまいも天、かぼちゃ天,,,味はしみた懐かしいお袋の味。食卓にもう一品どうぞ。毎日の献立の一品に！衣は薄く素材を活かして揚げました。,小浜市駅前町13-24,0770-52-2270,9:30～21:30,,,35.493232,135.74941
惣菜店,バロー敦賀店,厚揚げ煮、さつまいも天、かぼちゃ天,,,味はしみた懐かしいお袋の味。食卓にもう一品どうぞ。毎日の献立の一品に！衣は薄く素材を活かして揚げました。,敦賀市市野々9号東中堀,0770-25-2122,9:30～22:00,,,35.630104,136.053597
惣菜店,バロー北日野店,厚揚げ煮、さつまいも天、かぼちゃ天,,,味はしみた懐かしいお袋の味。食卓にもう一品どうぞ。毎日の献立の一品に！衣は薄く素材を活かして揚げました。,越前市畑町3-1-1,0778-21-2581,9:30～21:30,,,35.883598,136.175794
惣菜店,バロー久喜津店,厚揚げ煮、さつまいも天、かぼちゃ天,,,味はしみた懐かしいお袋の味。食卓にもう一品どうぞ。毎日の献立の一品に！衣は薄く素材を活かして揚げました。,福井市久喜津町55-1,0776-33-6166,10:00～22:00,,,36.053409,136.174774
惣菜店,バロー金津店,厚揚げ煮、さつまいも天、かぼちゃ天,,,味はしみた懐かしいお袋の味。食卓にもう一品どうぞ。毎日の献立の一品に！衣は薄く素材を活かして揚げました。,あわら市大溝3-4-14,0776-73-1916,9:30～21:00,,,36.208723,136.221454
惣菜店,バロー福井南店,厚揚げ煮、さつまいも天、かぼちゃ天,,,味はしみた懐かしいお袋の味。食卓にもう一品どうぞ。毎日の献立の一品に！衣は薄く素材を活かして揚げました。,福井市下馬3-418,0776-33-6300,10:00～21:30,,,36.038074,136.231425
惣菜店,バロー米松店,厚揚げ煮、さつまいも天、かぼちゃ天,,,味はしみた懐かしいお袋の味。食卓にもう一品どうぞ。毎日の献立の一品に！衣は薄く素材を活かして揚げました。,福井市米松2-21-18,0776-53-3131,9:30～22:00,,,36.071845,136.242448
惣菜店,バロー木崎店,厚揚げ煮、さつまいも天、かぼちゃ天,,,味はしみた懐かしいお袋の味。食卓にもう一品どうぞ。毎日の献立の一品に！衣は薄く素材を活かして揚げました。,敦賀市木崎20-12,0770-24-4630,9:30～21:00,,,35.643197,136.049594
惣菜店,バロー今立店,厚揚げ煮、さつまいも天、かぼちゃ天,,,味はしみた懐かしいお袋の味。食卓にもう一品どうぞ。毎日の献立の一品に！衣は薄く素材を活かして揚げました。,越前市粟田部中央1-106,0778-43-1616,9:30～20:00,,,35.917868,136.243926
惣菜店,バロー豊岡店,厚揚げ煮、さつまいも天、かぼちゃ天,,,味はしみた懐かしいお袋の味。食卓にもう一品どうぞ。毎日の献立の一品に！衣は薄く素材を活かして揚げました。,福井市豊岡1-1-25,0776-27-2188,9:30～22:00,,,36.06825,136.193663
惣菜店,バローやしろ店,厚揚げ煮、さつまいも天、かぼちゃ天,,,味はしみた懐かしいお袋の味。食卓にもう一品どうぞ。毎日の献立の一品に！衣は薄く素材を活かして揚げました。,福井市種池2-1001,0776-36-5515,9:30～21:30,,,36.038714,136.18772
惣菜店,バロー織田店,厚揚げ煮、さつまいも天、かぼちゃ天,,,味はしみた懐かしいお袋の味。食卓にもう一品どうぞ。毎日の献立の一品に！衣は薄く素材を活かして揚げました。,丹生郡越前町中7-1-1,0778-36-1868,10:00～20:00,,,35.962144,136.05337
惣菜店,バロー東鯖江店,厚揚げ煮、さつまいも天、かぼちゃ天,,,味はしみた懐かしいお袋の味。食卓にもう一品どうぞ。毎日の献立の一品に！衣は薄く素材を活かして揚げました。,鯖江市東鯖江1-6-8,0778-51-8936,9:30～21:30,,,35.943297,136.195657
惣菜店,バロー神明店,厚揚げ煮、さつまいも天、かぼちゃ天,,,味はしみた懐かしいお袋の味。食卓にもう一品どうぞ。毎日の献立の一品に！衣は薄く素材を活かして揚げました。,鯖江市糺町30-10-1,0778-53-2760,9:30～21:30,,,35.971703,136.174725
惣菜店,バローこぶし通り店,厚揚げ煮、さつまいも天、かぼちゃ天,,,味はしみた懐かしいお袋の味。食卓にもう一品どうぞ。毎日の献立の一品に！衣は薄く素材を活かして揚げました。,大野市天神町6-15,0779-66-1755,9:30～21:00,,,35.977989,136.489702
惣菜店,バロー森田店,厚揚げ煮、さつまいも天、かぼちゃ天,,,味はしみた懐かしいお袋の味。食卓にもう一品どうぞ。毎日の献立の一品に！衣は薄く素材を活かして揚げました。,福井市八重巻東町6-5,0776-56-2185,9:30～21:30,,,36.104881,136.223677
惣菜店,バロー丸岡店,厚揚げ煮、さつまいも天、かぼちゃ天,,,味はしみた懐かしいお袋の味。食卓にもう一品どうぞ。毎日の献立の一品に！衣は薄く素材を活かして揚げました。,坂井市丸岡町東陽2-33,0776-66-8366,9:30～20:00,,,36.149504,136.273996
惣菜店,バロー松岡店,厚揚げ煮、さつまいも天、かぼちゃ天,,,味はしみた懐かしいお袋の味。食卓にもう一品どうぞ。毎日の献立の一品に！衣は薄く素材を活かして揚げました。,吉田郡永平寺町松岡春日2-1,0776-61-0313,10:00～20:00,,,36.091145,136.297512
惣菜店,バロー三国店,厚揚げ煮、さつまいも天、かぼちゃ天,,,味はしみた懐かしいお袋の味。食卓にもう一品どうぞ。毎日の献立の一品に！衣は薄く素材を活かして揚げました。,坂井市三国町滝谷1-1-1,0776-82-5525,9:30～21:00,,,36.216795,136.161203
惣菜店,バロー勝山店,厚揚げ煮、さつまいも天、かぼちゃ天,,,味はしみた懐かしいお袋の味。食卓にもう一品どうぞ。毎日の献立の一品に！衣は薄く素材を活かして揚げました。,勝山市昭和町1-11-50,0779-87-1533,9:30～21:00,,,36.059301,136.504737
惣菜店,バロー国高店,厚揚げ煮、さつまいも天、かぼちゃ天,,,味はしみた懐かしいお袋の味。食卓にもう一品どうぞ。毎日の献立の一品に！衣は薄く素材を活かして揚げました。,越前市国高1－2－2,0778-23-1700,9:30～22:00,,,35.908582,136.185723
惣菜店,（株）ヤスサキ,７種のいろどり健幸サラダ、うす味仕立ての金平ごぼう、薄衣肉厚トンカツ、ヘルシーササミカツ、ヘルシーチキンカツ,6,10,ブロッコリー、いんげん、大豆、レンコン、金時豆等、７種の野菜が一度に摂れる贅沢な一品です。噛み砕きやすく、斜めにカットしたごぼうを少し柔らかく、また塩分控えめに炊きあげました。豚ロースの芯だけを贅沢に厚切りして衣薄くパン粉付けしました。衣が少なくやわらかいヘルシー国産ササミカツ！！頃もが薄くてヘルシー国産チキンカツ！！,福井市新保北1丁目303番地,0776-52-8111,,,,36.086137,136.249354
惣菜店,グルメ館新保店,７種のいろどり健幸サラダ、うす味仕立ての金平ごぼう、薄衣肉厚トンカツ、ヘルシーササミカツ、ヘルシーチキンカツ,,,ブロッコリー、いんげん、大豆、レンコン、金時豆等、７種の野菜が一度に摂れる贅沢な一品です。噛み砕きやすく、斜めにカットしたごぼうを少し柔らかく、また塩分控えめに炊きあげました。豚ロースの芯だけを贅沢に厚切りして衣薄くパン粉付けしました。衣が少なくやわらかいヘルシー国産ササミカツ！！頃もが薄くてヘルシー国産チキンカツ！！,福井市新保北1丁目303番地,0776-52-6711,24時間営業,年中無休,,36.086137,136.249354
惣菜店,グルメ館松本店,７種のいろどり健幸サラダ、うす味仕立ての金平ごぼう、薄衣肉厚トンカツ、ヘルシーササミカツ、ヘルシーチキンカツ,,,ブロッコリー、いんげん、大豆、レンコン、金時豆等、７種の野菜が一度に摂れる贅沢な一品です。噛み砕きやすく、斜めにカットしたごぼうを少し柔らかく、また塩分控えめに炊きあげました。豚ロースの芯だけを贅沢に厚切りして衣薄くパン粉付けしました。衣が少なくやわらかいヘルシー国産ササミカツ！！頃もが薄くてヘルシー国産チキンカツ！！,福井市松本3丁目16-57,0776-28-2001,9:00～22:00,,,36.073316,136.224921
惣菜店,グルメ館パリオ店,７種のいろどり健幸サラダ、うす味仕立ての金平ごぼう、薄衣肉厚トンカツ、ヘルシーササミカツ、ヘルシーチキンカツ,,,ブロッコリー、いんげん、大豆、レンコン、金時豆等、７種の野菜が一度に摂れる贅沢な一品です。噛み砕きやすく、斜めにカットしたごぼうを少し柔らかく、また塩分控えめに炊きあげました。豚ロースの芯だけを贅沢に厚切りして衣薄くパン粉付けしました。衣が少なくやわらかいヘルシー国産ササミカツ！！頃もが薄くてヘルシー国産チキンカツ！！,福井市松城町12-7,0776-35-0670,9:30～22:00,,,36.062168,136.240826
惣菜店,グルメ館福井南店,７種のいろどり健幸サラダ、うす味仕立ての金平ごぼう、薄衣肉厚トンカツ、ヘルシーササミカツ、ヘルシーチキンカツ,,,ブロッコリー、いんげん、大豆、レンコン、金時豆等、７種の野菜が一度に摂れる贅沢な一品です。噛み砕きやすく、斜めにカットしたごぼうを少し柔らかく、また塩分控えめに炊きあげました。豚ロースの芯だけを贅沢に厚切りして衣薄くパン粉付けしました。衣が少なくやわらかいヘルシー国産ササミカツ！！頃もが薄くてヘルシー国産チキンカツ！！,福井市羽水2丁目802番地,0778-54-8280,24時間営業,,,36.040462,136.23102
惣菜店,グルメ館江守店,７種のいろどり健幸サラダ、うす味仕立ての金平ごぼう、薄衣肉厚トンカツ、ヘルシーササミカツ、ヘルシーチキンカツ,,,ブロッコリー、いんげん、大豆、レンコン、金時豆等、７種の野菜が一度に摂れる贅沢な一品です。噛み砕きやすく、斜めにカットしたごぼうを少し柔らかく、また塩分控えめに炊きあげました。豚ロースの芯だけを贅沢に厚切りして衣薄くパン粉付けしました。衣が少なくやわらかいヘルシー国産ササミカツ！！頃もが薄くてヘルシー国産チキンカツ！！,福井市舞屋町7-109,0778-24-2821,24時間営業,,,36.034298,136.202035
惣菜店,グルメ館鯖江店,７種のいろどり健幸サラダ、うす味仕立ての金平ごぼう、薄衣肉厚トンカツ、ヘルシーササミカツ、ヘルシーチキンカツ,,,ブロッコリー、いんげん、大豆、レンコン、金時豆等、７種の野菜が一度に摂れる贅沢な一品です。噛み砕きやすく、斜めにカットしたごぼうを少し柔らかく、また塩分控えめに炊きあげました。豚ロースの芯だけを贅沢に厚切りして衣薄くパン粉付けしました。衣が少なくやわらかいヘルシー国産ササミカツ！！頃もが薄くてヘルシー国産チキンカツ！！,鯖江市有定町3丁目1番1号,0776-25-8420,9:30～22:00,,,35.948435,136.178492
惣菜店,グルメ館東鯖江店,７種のいろどり健幸サラダ、うす味仕立ての金平ごぼう、薄衣肉厚トンカツ、ヘルシーササミカツ、ヘルシーチキンカツ,,,ブロッコリー、いんげん、大豆、レンコン、金時豆等、７種の野菜が一度に摂れる贅沢な一品です。噛み砕きやすく、斜めにカットしたごぼうを少し柔らかく、また塩分控えめに炊きあげました。豚ロースの芯だけを贅沢に厚切りして衣薄くパン粉付けしました。衣が少なくやわらかいヘルシー国産ササミカツ！！頃もが薄くてヘルシー国産チキンカツ！！,鯖江市新横江1丁目1-27,0778-52-6211,24時間営業,,,,
惣菜店,グルメ館武生南店,７種のいろどり健幸サラダ、うす味仕立ての金平ごぼう、薄衣肉厚トンカツ、ヘルシーササミカツ、ヘルシーチキンカツ,,,ブロッコリー、いんげん、大豆、レンコン、金時豆等、７種の野菜が一度に摂れる贅沢な一品です。噛み砕きやすく、斜めにカットしたごぼうを少し柔らかく、また塩分控えめに炊きあげました。豚ロースの芯だけを贅沢に厚切りして衣薄くパン粉付けしました。衣が少なくやわらかいヘルシー国産ササミカツ！！頃もが薄くてヘルシー国産チキンカツ！！,越前市妙法寺町,0778-21-2671,24時間営業,,,35.885823,136.160367
惣菜店,グルメ館武生店,７種のいろどり健幸サラダ、うす味仕立ての金平ごぼう、薄衣肉厚トンカツ、ヘルシーササミカツ、ヘルシーチキンカツ,,,ブロッコリー、いんげん、大豆、レンコン、金時豆等、７種の野菜が一度に摂れる贅沢な一品です。噛み砕きやすく、斜めにカットしたごぼうを少し柔らかく、また塩分控えめに炊きあげました。豚ロースの芯だけを贅沢に厚切りして衣薄くパン粉付けしました。衣が少なくやわらかいヘルシー国産ササミカツ！！頃もが薄くてヘルシー国産チキンカツ！！,越前市横市町28-14-1,0778-21-2671,9:30～22:00,,,35.907124,136.19293
惣菜店,グルメ館敦賀店,７種のいろどり健幸サラダ、うす味仕立ての金平ごぼう、薄衣肉厚トンカツ、ヘルシーササミカツ、ヘルシーチキンカツ,,,ブロッコリー、いんげん、大豆、レンコン、金時豆等、７種の野菜が一度に摂れる贅沢な一品です。噛み砕きやすく、斜めにカットしたごぼうを少し柔らかく、また塩分控えめに炊きあげました。豚ロースの芯だけを贅沢に厚切りして衣薄くパン粉付けしました。衣が少なくやわらかいヘルシー国産ササミカツ！！頃もが薄くてヘルシー国産チキンカツ！！,敦賀市櫛林8-4-1,0770-20-1611,7:00～22:00,,,35.626002,136.048075
惣菜店,福井県民生活協同組合,北海道まるごと牛肉コロッケ、旨味鶏チキンカツ、手作り柔らか豚ロースとんかつ、国産鶏の柔らかささみカツ、田舎煮、里芋煮、筑前煮、切干大根煮、きんぴら、牛肉じゃが,10,9,ジャガイモ、玉ねぎ、牛肉、小麦、パン粉は北海道産の材料を使いました。少しスパイシーな味付けです。県民生協産直肉の旨味鶏むね肉を使用した、ヘルシーなチキンカツです。柔らかいロースとんかつです。パン粉にもこだわり、サクサクとして食感が美味しい商品です。国産ささ身肉を熟成させ、食感も柔らかなささみカツです。大根、人参、がんも、しいたけが入った煮物です。里芋を薄味に仕上げました。６種類の具材を入れた筑前煮です。切干大根を薄味に仕上げました。ごぼうを薄味金平に仕上げました。おなじみの肉じゃがを薄味に仕上げました。,福井市開発5丁目1603番地,0776-52-0082,,,,36.086137,136.249354
惣菜店,ハーツ羽水店,北海道まるごと牛肉コロッケ、旨味鶏チキンカツ、手作り柔らか豚ロースとんかつ、国産鶏の柔らかささみカツ、田舎煮、里芋煮、筑前煮、切干大根煮、きんぴら、牛肉じゃが,,,ジャガイモ、玉ねぎ、牛肉、小麦、パン粉は北海道産の材料を使いました。少しスパイシーな味付けです。県民生協産直肉の旨味鶏むね肉を使用した、ヘルシーなチキンカツです。柔らかいロースとんかつです。パン粉にもこだわり、サクサクとして食感が美味しい商品です。国産ささ身肉を熟成させ、食感も柔らかなささみカツです。大根、人参、がんも、しいたけが入った煮物です。里芋を薄味に仕上げました。６種類の具材を入れた筑前煮です。切干大根を薄味に仕上げました。ごぼうを薄味金平に仕上げました。おなじみの肉じゃがを薄味に仕上げました。,福井市木田3丁目2802番地,0776-22-0082,9:30～21:30,1月1日のみ,,36.042456,136.226503
惣菜店,ハーツ学園店,北海道まるごと牛肉コロッケ、旨味鶏チキンカツ、手作り柔らか豚ロースとんかつ、国産鶏の柔らかささみカツ、田舎煮、里芋煮、筑前煮、切干大根煮、きんぴら、牛肉じゃが,,,ジャガイモ、玉ねぎ、牛肉、小麦、パン粉は北海道産の材料を使いました。少しスパイシーな味付けです。県民生協産直肉の旨味鶏むね肉を使用した、ヘルシーなチキンカツです。柔らかいロースとんかつです。パン粉にもこだわり、サクサクとして食感が美味しい商品です。国産ささ身肉を熟成させ、食感も柔らかなささみカツです。大根、人参、がんも、しいたけが入った煮物です。里芋を薄味に仕上げました。６種類の具材を入れた筑前煮です。切干大根を薄味に仕上げました。ごぼうを薄味金平に仕上げました。おなじみの肉じゃがを薄味に仕上げました。,福井市学園2丁目9番22号,0776-52-2282,9:30～22:00,,,36.069755,136.197691
惣菜店,ハーツ志比口店,北海道まるごと牛肉コロッケ、旨味鶏チキンカツ、手作り柔らか豚ロースとんかつ、国産鶏の柔らかささみカツ、田舎煮、里芋煮、筑前煮、切干大根煮、きんぴら、牛肉じゃが,,,ジャガイモ、玉ねぎ、牛肉、小麦、パン粉は北海道産の材料を使いました。少しスパイシーな味付けです。県民生協産直肉の旨味鶏むね肉を使用した、ヘルシーなチキンカツです。柔らかいロースとんかつです。パン粉にもこだわり、サクサクとして食感が美味しい商品です。国産ささ身肉を熟成させ、食感も柔らかなささみカツです。大根、人参、がんも、しいたけが入った煮物です。里芋を薄味に仕上げました。６種類の具材を入れた筑前煮です。切干大根を薄味に仕上げました。ごぼうを薄味金平に仕上げました。おなじみの肉じゃがを薄味に仕上げました。,福井市志比口2丁目11番13号,0776-51-5482,9:30～22:00,,,36.07122,136.237023
惣菜店,ハーツはるえ店,北海道まるごと牛肉コロッケ、旨味鶏チキンカツ、手作り柔らか豚ロースとんかつ、国産鶏の柔らかささみカツ、田舎煮、里芋煮、筑前煮、切干大根煮、きんぴら、牛肉じゃが,,,ジャガイモ、玉ねぎ、牛肉、小麦、パン粉は北海道産の材料を使いました。少しスパイシーな味付けです。県民生協産直肉の旨味鶏むね肉を使用した、ヘルシーなチキンカツです。柔らかいロースとんかつです。パン粉にもこだわり、サクサクとして食感が美味しい商品です。国産ささ身肉を熟成させ、食感も柔らかなささみカツです。大根、人参、がんも、しいたけが入った煮物です。里芋を薄味に仕上げました。６種類の具材を入れた筑前煮です。切干大根を薄味に仕上げました。ごぼうを薄味金平に仕上げました。おなじみの肉じゃがを薄味に仕上げました。,坂井市春江町随応寺25字1番,0776-34-8822,9:00～21:00,,,36.134568,136.223132
惣菜店,ハーツさばえ店,北海道まるごと牛肉コロッケ、旨味鶏チキンカツ、手作り柔らか豚ロースとんかつ、国産鶏の柔らかささみカツ、田舎煮、里芋煮、筑前煮、切干大根煮、きんぴら、牛肉じゃが,,,ジャガイモ、玉ねぎ、牛肉、小麦、パン粉は北海道産の材料を使いました。少しスパイシーな味付けです。県民生協産直肉の旨味鶏むね肉を使用した、ヘルシーなチキンカツです。柔らかいロースとんかつです。パン粉にもこだわり、サクサクとして食感が美味しい商品です。国産ささ身肉を熟成させ、食感も柔らかなささみカツです。大根、人参、がんも、しいたけが入った煮物です。里芋を薄味に仕上げました。６種類の具材を入れた筑前煮です。切干大根を薄味に仕上げました。ごぼうを薄味金平に仕上げました。おなじみの肉じゃがを薄味に仕上げました。,鯖江市小黒町2丁目901番地,0778-53-1182,9:30～22:00,,,35.951381,136.175053
惣菜店,ハーツたけふ店,北海道まるごと牛肉コロッケ、旨味鶏チキンカツ、手作り柔らか豚ロースとんかつ、国産鶏の柔らかささみカツ、田舎煮、里芋煮、筑前煮、切干大根煮、きんぴら、牛肉じゃが,,,ジャガイモ、玉ねぎ、牛肉、小麦、パン粉は北海道産の材料を使いました。少しスパイシーな味付けです。県民生協産直肉の旨味鶏むね肉を使用した、ヘルシーなチキンカツです。柔らかいロースとんかつです。パン粉にもこだわり、サクサクとして食感が美味しい商品です。国産ささ身肉を熟成させ、食感も柔らかなささみカツです。大根、人参、がんも、しいたけが入った煮物です。里芋を薄味に仕上げました。６種類の具材を入れた筑前煮です。切干大根を薄味に仕上げました。ごぼうを薄味金平に仕上げました。おなじみの肉じゃがを薄味に仕上げました。,越前市芝原4丁目6番21号,0778-21-3982,9:30～22:00,,,35.919557,136.157856
惣菜店,ハーツつるが店,北海道まるごと牛肉コロッケ、旨味鶏チキンカツ、手作り柔らか豚ロースとんかつ、国産鶏の柔らかささみカツ、田舎煮、里芋煮、筑前煮、切干大根煮、きんぴら、牛肉じゃが,,,ジャガイモ、玉ねぎ、牛肉、小麦、パン粉は北海道産の材料を使いました。少しスパイシーな味付けです。県民生協産直肉の旨味鶏むね肉を使用した、ヘルシーなチキンカツです。柔らかいロースとんかつです。パン粉にもこだわり、サクサクとして食感が美味しい商品です。国産ささ身肉を熟成させ、食感も柔らかなささみカツです。大根、人参、がんも、しいたけが入った煮物です。里芋を薄味に仕上げました。６種類の具材を入れた筑前煮です。切干大根を薄味に仕上げました。ごぼうを薄味金平に仕上げました。おなじみの肉じゃがを薄味に仕上げました。,敦賀市若葉町1丁目1610,0770-20-0082,9:00～22:00,,,35.634376,136.048314
惣菜店,ハーツ三方五湖店,北海道まるごと牛肉コロッケ、旨味鶏チキンカツ、手作り柔らか豚ロースとんかつ、国産鶏の柔らかささみカツ、田舎煮、里芋煮、筑前煮、切干大根煮、きんぴら、牛肉じゃが,,,ジャガイモ、玉ねぎ、牛肉、小麦、パン粉は北海道産の材料を使いました。少しスパイシーな味付けです。県民生協産直肉の旨味鶏むね肉を使用した、ヘルシーなチキンカツです。柔らかいロースとんかつです。パン粉にもこだわり、サクサクとして食感が美味しい商品です。国産ささ身肉を熟成させ、食感も柔らかなささみカツです。大根、人参、がんも、しいたけが入った煮物です。里芋を薄味に仕上げました。６種類の具材を入れた筑前煮です。切干大根を薄味に仕上げました。ごぼうを薄味金平に仕上げました。おなじみの肉じゃがを薄味に仕上げました。,三方上中郡若狭町鳥浜49-68,0770-45-3820,9:30～19:30,,,35.551632,135.906746
惣菜店,ハーツわかさ店,北海道まるごと牛肉コロッケ、旨味鶏チキンカツ、手作り柔らか豚ロースとんかつ、国産鶏の柔らかささみカツ、田舎煮、里芋煮、筑前煮、切干大根煮、きんぴら、牛肉じゃが,,,ジャガイモ、玉ねぎ、牛肉、小麦、パン粉は北海道産の材料を使いました。少しスパイシーな味付けです。県民生協産直肉の旨味鶏むね肉を使用した、ヘルシーなチキンカツです。柔らかいロースとんかつです。パン粉にもこだわり、サクサクとして食感が美味しい商品です。国産ささ身肉を熟成させ、食感も柔らかなささみカツです。大根、人参、がんも、しいたけが入った煮物です。里芋を薄味に仕上げました。６種類の具材を入れた筑前煮です。切干大根を薄味に仕上げました。ごぼうを薄味金平に仕上げました。おなじみの肉じゃがを薄味に仕上げました。,小浜市遠敷9丁目501番地,0770-56-0382,9:00～22:00,,,35.484137,135.773806
惣菜店,カントリーママ,けんちん風煮物、車麩の巣ごもり、カジキのチーズパン粉揚げ、里芋のじゃこコロッケ、切干大根ときのこの煮物、高野豆腐の吹き寄せ煮,6,4,煮物は、一つ一つの素材の味が合わさり、うまみを出すことで余分な調味料を減らし塩分を抑えています。,福井市北四ツ居1-9-24,0776-53-5112,,,,36.063509,136.244928
惣菜店,カントリーママ四ツ居店,けんちん風煮物、車麩の巣ごもり、カジキのチーズパン粉揚げ、里芋のじゃこコロッケ、切干大根ときのこの煮物、高野豆腐の吹き寄せ煮,,,煮物は、一つ一つの素材の味が合わさり、うまみを出すことで余分な調味料を減らし塩分を抑えています。,福井市北四ツ居,0776-50-6600,平日10:30～19:45、日祝10:30～19:00,年中無休（正月3が日を除く）,,,
惣菜店,カントリーママ種池店,けんちん風煮物、車麩の巣ごもり、カジキのチーズパン粉揚げ、里芋のじゃこコロッケ、切干大根ときのこの煮物、高野豆腐の吹き寄せ煮,,,煮物は、一つ一つの素材の味が合わさり、うまみを出すことで余分な調味料を減らし塩分を抑えています。,福井市種池,0776-50-6611,,,,,
惣菜店,カントリーママ松本店,けんちん風煮物、車麩の巣ごもり、カジキのチーズパン粉揚げ、里芋のじゃこコロッケ、切干大根ときのこの煮物、高野豆腐の吹き寄せ煮,,,煮物は、一つ一つの素材の味が合わさり、うまみを出すことで余分な調味料を減らし塩分を抑えています。,福井市松本,0776-50-6622,,,,,
惣菜店,カントリーママパリオ店,けんちん風煮物、車麩の巣ごもり、カジキのチーズパン粉揚げ、里芋のじゃこコロッケ、切干大根ときのこの煮物、高野豆腐の吹き寄せ煮,,,煮物は、一つ一つの素材の味が合わさり、うまみを出すことで余分な調味料を減らし塩分を抑えています。,福井市松城町,0776-50-6633,,,,,
惣菜店,肉のつるや,福井名物厚揚げの肉詰め,1,4,福井名物の厚揚げの中に当店自慢のミンチを詰め、じっくり煮込んだ逸品です。,坂井市丸岡町谷町2丁目17-1,0776-66-0414,,,,36.148656,136.269871
惣菜店,肉のつるやピアゴ丸岡店,福井名物厚揚げの肉詰め,,,福井名物の厚揚げの中に当店自慢のミンチを詰め、じっくり煮込んだ逸品です。,坂井市丸岡町一本田2-11-3,0776-67-1298,9:00～21:00,不定休,,36.152195,136.263458
惣菜店,肉のつるやアピタ福井大和田店,福井名物厚揚げの肉詰め,,,福井名物の厚揚げの中に当店自慢のミンチを詰め、じっくり煮込んだ逸品です。,福井市大和田2丁目1230番地,0776-57-2129,9:30～21:30,不定休,,36.096606,136.2508
惣菜店,肉のつるや彩り亭アピタ福井店,福井名物厚揚げの肉詰め,,,福井名物の厚揚げの中に当店自慢のミンチを詰め、じっくり煮込んだ逸品です。,福井市飯塚町第11号111番地,0776-33-6626,9:00～21:00,不定休,,36.066305,136.183178
惣菜店,肉のつるや彩り亭アピタ敦賀店,福井名物厚揚げの肉詰め,,,福井名物の厚揚げの中に当店自慢のミンチを詰め、じっくり煮込んだ逸品です。,福井県敦賀市中央町1Ｔ目5－5,0770-24-6166,9:30～20:30,不定休,,35.643564,136.059121
惣菜店,産直市場ピアファーム,ひじき煮、がんもと煮玉子、いも天、なし入酢豚,4,3,福井の伝統的な打豆を使った煮物です。福井の味をお楽しみください。地元のがんもと当店特製のタレで作った煮玉子を一緒につめました。自慢の一品です。当店ピアファーム栽培のさつまいもで薄衣に仕上げました。材料にも製造にも愛情がこもってます。当店ピアファーム栽培の梨を入れたさっぱり味の酢豚です。この組み合わせ、お試しください。,坂井市三国町北本町2-2-25 ,0776-82-8755,,,,36.216526,136.148679
惣菜店,産直市場ピアファーム,ひじき煮、がんもと煮玉子、いも天、なし入酢豚,,,福井の伝統的な打豆を使った煮物です。福井の味をお楽しみください。地元のがんもと当店特製のタレで作った煮玉子を一緒につめました。自慢の一品です。当店ピアファーム栽培のさつまいもで薄衣に仕上げました。材料にも製造にも愛情がこもってます。当店ピアファーム栽培の梨を入れたさっぱり味の酢豚です。この組み合わせ、お試しください。,坂井市三国町北本町2-2-25,0776-82-8755 ,8:00～19:00,年中無休,,36.216526,136.148679
惣菜店,ピアファームあわら店,ひじき煮、がんもと煮玉子、いも天、なし入酢豚,,,福井の伝統的な打豆を使った煮物です。福井の味をお楽しみください。地元のがんもと当店特製のタレで作った煮玉子を一緒につめました。自慢の一品です。当店ピアファーム栽培のさつまいもで薄衣に仕上げました。材料にも製造にも愛情がこもってます。当店ピアファーム栽培の梨を入れたさっぱり味の酢豚です。この組み合わせ、お試しください。,あわら市二面45-19-1 ,0776-77-2930,9:00～16:30,日曜日,,36.228617,136.195847
惣菜店,ピアファーム農産物直売所呉服町店,ひじき煮、がんもと煮玉子、いも天、なし入酢豚,,,福井の伝統的な打豆を使った煮物です。福井の味をお楽しみください。地元のがんもと当店特製のタレで作った煮玉子を一緒につめました。自慢の一品です。当店ピアファーム栽培のさつまいもで薄衣に仕上げました。材料にも製造にも愛情がこもってます。当店ピアファーム栽培の梨を入れたさっぱり味の酢豚です。この組み合わせ、お試しください。,福井市順化,0776-22-8650,9:00～16:30,日曜日,,36.066697,136.21423
惣菜店,企業組合まぁま喜ね舎（喜ね舎愛菜館）,わかめの酢の物、こ煮〆、菜のごま和え、ポテトサラダ、こまつなのだし浸し、ゴーヤの酢の物、千切り大根煮、チーズ入りかぼちゃコロッケ、野菜の天ぷら,9,1,旬の野菜を盛り込んだ逸品を。,福井市河増9字10-1,0776-52-2260,夏8:30～18:00、冬8:30～17:30,水曜日,,36.065235,136.256494
惣菜店,お惣菜の公楽商店,若狭牛コロッケ,1,1,ほっこりじゃがいもとお肉のベストマッチ。ざくざくパン粉がさらにおいしさをバックアップ！,福井県福井市大和田1丁目101(福井中央卸売市場ふくい鮮いちば内）,,9:00～14:30,毎週土曜日のみ営業,,36.090198,136.246312
惣菜店,"kichen gaeden 4,s*(キッチンガーデンヨンズ)",こまつなとしめじのナムル、炙りポークのサラダ,2,1,福井県産の小松菜を使用し、こだわりの伯方の塩とごま油でシンプルに味付け。国産豚肩ロースをじっくり焼き上げローストポークにし、手造りしょう油ベースの玉ねぎドレッシング付き。,福井市下荒井町20-6,0776-38-9141,11:00～18:30（土曜は13:30まで）,日・祝,,,
惣菜店,デリアテール,国産鶏と発芽大豆を使った筑前煮、豚肉と旬野菜の香草フリット,2,1,昆布だしの味を強調し、素材の味を引き出す。発芽大豆も入れて栄養価も高める。衣に炭酸水を加えることで、サクッとした食感になる。衣自他に味をつけるので、塩などは不要。衣が薄いのでカロリーも抑えられる。,福井市中央1-8-1西武福井店本館地階・福井県民生活協同組合ハーツ全店,0776-29-1525,西武福井店:10:00～19:00、ハーツ:ハーツ営業時間に準じる,西武福店：西武福井店に準じる、ハーツ全店：ハーツ全店に準じる,,36.061764,136.219066
惣菜店,ユアーズホテル・ダイニング,秋鮭と茸の煮浸し,1,1,旬の鮭、きのこをふんだんに使い煮浸しにしました。,福井市中央1-8-1西武福井店本館地階,0776-22-1372,10:00～19:30,,,36.061764,136.219066
惣菜店,企業組合ハンドメイド風ふう（永平寺四季食彩館れんげの里、福井県立病院売店）,肉じゃが、炊き合わせ、ポテトコロッケ、ポテトサラダ、おからコロッケ,5,1,永平寺町の地元野菜にこだわり、からだにやさしい味付けを目指しています。,坂井市丸岡町新鳴鹿3-148,0776-97-8161,9:30～19:00（県立売店は営業時間に準じる）,,,36.107165,136.298555
惣菜店,ふれあいパーク三里浜,肉コロッケ,1,1,国産和牛を使用しており、すべて手作りの為、毎日50個限定販売です。,坂井市三国町山岸67-3-1,0776-82-3339,9:00～18:00,11月～3月は月2回水曜日,,36.189567,136.13907
惣菜店,企業組合花みずき味人,じゃが芋コロッケ,2,1,タケ子は越前町宮崎地区特産のたけのこを使い、だしにこだわった味。コロッケはやさしい味に仕上げました。,丹生郡越前町樫津2-63,0778-32-3545,9:00～18:00,火曜日,,35.94103,136.086287
惣菜店,（株）クロス（（株）コープたけふみどり館）,巣ごもり、手作り肉じゃが煮,2,1,心温まるおふくろの味、町子母さんのお惣菜です。,越前市塚町17-1,0778-24-1717,9:00～20:00,,,35.916497,136.191653
惣菜店,（株）クロス（（株）コープたけふ南条店）,切干大根、煮しめ、肉じゃが,3,1,ゆっくり時間をかけて心をこめて作った煮物です。,南条郡南越前町東大道28-4-6,0778-47-3036,9:00～20:00,,,35.834256,136.194016
惣菜店,（株）森茂（県内各小売店・各スーパー・店頭）,パンプキンサラダ、しいたけコンの越前煮、田舎煮物、おにしめ、三角あげ煮、大がんも煮、煮物「光」,7,1,かぼちゃのほっとする甘味を活かしたサラダ。カロチン、ビタミンなどの栄養をバランスよく含んでいます。手作りの油揚げ・がんもと、野菜のうま味を丁寧に引き出した、地元の味の煮物です。,越前市矢船町8-8,0778-22-1082,8:00～17:00,,,35.888093,136.175605
惣菜店,（企）そまの恋姫サラダ会（南条王産物直売所、四季彩、百姓の館南店・シピィ店・村国店、みどり館、Ａコープ南条店）,厚揚げと根菜の煮物、ひじき煮、玉子きんちゃく,3,1,昆布とかつおだしがしっかりきいているので、塩分が少なくてもおいしくいただけます。,南条郡南越前町脇本25-19-1,0778-47-8365,9:00～18:00,毎月第2水曜日,,35.844268,136.18581
惣菜店,土の駅今庄（百姓の館村国店・シピィ店・南店・コープたけふみどり館・平出店・南条店、ハニー住吉店・南条店・クランデール二宮店）,煮物、天ぷら,2,1,「地場物を使うことは惣菜自体がおいしくなることに等しい。」土の駅の惣菜の一皿はそういうことを教えてくれます。,南条郡南越前町湯尾96-19,0778-45-1272,11:00～16:00,毎週木曜、第4日曜日,,35.791383,136.20262
惣菜店,（有）ほっと今庄おばちゃんの店,キャベツコロッケ,1,1,地元野菜を使用。お肉控えめ、キャベツを加えることでヘルシーな揚げ物に。一年通して提供できる惣菜です。,南条郡南越前町今庄9-13,0778-45-1144,10:00～17:00,火曜日,,35.781334,136.197995
惣菜店,竹本食品（お惣菜の店　たけもと、アピタ　敦賀店、アル・プラザ敦賀、ふるさと夢市場、JA敦賀美方ファーマーズマーケット「旬・ときめき広場」）,豆腐コロッケ、厚揚げ煮、おから煮、焼き豆腐煮,4,1,お豆腐屋さんならではのヘルシーな惣菜で、どの年代の方にも好評です。お弁当や食卓の１品にいかがですか。,敦賀市神楽町2丁目1-3,0770-22-7737,9:00～13:30,日曜・祭日,,35.653999,136.070108
惣菜店,つるが愛農（JA敦賀美方ファーマーズマーケット「旬・ときめき広場」、敦賀市公設地方卸売市場）,手作り牛肉コロッケ,1,1,大人も子供も喜ぶ甘くて懐かしい味のコロッケです。,敦賀市元町13-17-2,0770-25-0151,9:00～17:00（予約販売）,日・水・祝,,35.655182,136.071836
惣菜店,ハイグルメミートおはよう（Aコープ美浜店、Aコープ三方店）,おはようコロッケ,1,1,昭和46年からずっと愛され続けているお肉屋さんのコロッケです。,敦賀市中央町2丁目6-13,0770-25-0840,9:00～19:00,木曜日,,35.64318,136.054157
惣菜店,（株）フジショク（エフレ清水本店、エフレ相生店、エフレデイズ店、エフレ古田刈店）,おでん、ぜんまい煮、高野豆腐煮、かぼちゃ煮、五目千切り煮、肉じゃが煮、煮物（中）,7,1,一品一品手造りで素材の旨味を大事しながら塩分控えめでもおいしく召し上がれるように工夫しています。,敦賀市昭和町2丁目20番14号,0770-25-4711,エフレ清水本店9:30～22:00、エフレデイズ店9:30～22:00、エフレ相生店9:30～21:00、エフレ古田刈店9:30～22:00,エフレ　清水本店　年中無休、エフレ　デイズ店　年中無休、エフレ　相生店　元旦休業、エフレ　古田刈店　元旦休業,,35.638581,136.058629
惣菜店,Aコープ小浜店,かぼちゃの天ぷら、さつまいもの天ぷら、おでん,2,1,真心込めて作りました。ごはんのお供にどうぞ！,小浜市四谷町20-2,0770-52-5115,9時～20時,不定休,,35.49614,135.749957
惣菜店,キッチンＢｏｏ※移動販売（サニーマート南店、レピアショッピングセンター）,Booコロッケ,1,1,甘めの味付けで、お子様からお年寄りまで、おかずにもおやつにもなる美味しいコロッケです。,小浜市学園町1-1(高浜町宮崎86-5-1、若狭町鳥浜60-1）,0770-53-1160,11時～15時,不定休,,,
惣菜店,肉の辻彦,若狭牛のコロッケ,1,1,地産地消!!若狭牛100％ミンチをたっぷり使ったジューシーコロッケ!!,小浜市大手町8-3,0770-52-7519,午前9時～午後7時、日・祝午後6時まで,毎月第2、4水曜日,,35.497434,135.745807
惣菜店,リリの惣菜屋Honmakeee,手作りコロッケ,1,1,昔なつかしい味の手作りコロッケです。,小浜市南川町4-21,0770-53-2255,11時～18時,土・日・祝,,35.493479,135.753583
惣菜店,サニーマートたかだ店,自家製高野豆腐、自家製コロッケ,2,2,コロッケも高野豆腐も自家製です。皆で、まごころ込めて作っています。お召し上がりください。,高浜町三明2-21,0770-72-0002,9時～21時,,,35.491902,135.549876
惣菜店,サニーマート南店,自家製高野豆腐、自家製コロッケ,,,コロッケも高野豆腐も自家製です。皆で、まごころ込めて作っています。お召し上がりください。,高浜町宮崎86-5-1,0770-72-0003,9時～21時,,,35.487092,135.546878
